,precision,recall,f1-score,support
1,0.47368421052631576,1.0,0.6428571428571429,9.0
2,0.5,0.5,0.5,2.0
3,0.6666666666666666,0.6666666666666666,0.6666666666666666,9.0
4,0.8,0.36363636363636365,0.5000000000000001,11.0
5,1.0,0.75,0.8571428571428571,4.0
6,1.0,0.25,0.4,4.0
accuracy,0.6153846153846154,0.6153846153846154,0.6153846153846154,0.6153846153846154
macro avg,0.7400584795321637,0.5883838383838383,0.5944444444444444,39.0
weighted avg,0.7195681511470985,0.6153846153846154,0.5978021978021979,39.0
